Workbook

Sheet Order Data
A1: ArrivalTime | B1: Order ID | C1: TotalQTY
A2: 15.91 | B2: ORDER_1 | C2: 10
A3: 39.95 | B3: ORDER_2 | C3: 9
A4: 43.35 | B4: ORDER_3 | C4: 8
A5: 128.57 | B5: ORDER_4 | C5: 7
A6: 146.37 | B6: ORDER_5 | C6: 6
A7: 181.68 | B7: ORDER_6 | C7: 4
A8: 225.35 | B8: ORDER_7 | C8: 5
A9: 229 | B9: ORDER_8 | C9: 7
A10: 231.19 | B10: ORDER_9 | C10: 1
A11: 289.95 | B11: ORDER_10 | C11: 7
A12: 307.65 | B12: ORDER_11 | C12: 13
A13: 308.99 | B13: ORDER_12 | C13: 10
... A201: 5544.75 | B201: ORDER_200 | C201: 9

Sheet Schedule for Import
A1: Start (DD:)HH:MM:SS | B1: End (DD:)HH:MM:SS | C1: Quantity | D1: Name | E1: OrderID | F1: QTY
A2: =TEXT('Order Data'!A2/86400,"hh:mm:ss") -> 00:00:16 | B2: =TEXT('Order Data'!A3/86400,"hh:mm:ss") -> 00:00:40 | C2: 10 | D2: Item Creation Token | E2: ORDER_1 | F2: 10
A3: =TEXT('Order Data'!A3/86400,"hh:mm:ss") -> 00:00:40 | B3: =TEXT('Order Data'!A4/86400,"hh:mm:ss") -> 00:00:43 | C3: 9 | D3: Item Creation Token | E3: ORDER_2 | F3: 9
A4: =TEXT('Order Data'!A4/86400,"hh:mm:ss") -> 00:00:43 | B4: =TEXT('Order Data'!A5/86400,"hh:mm:ss") -> 00:02:09 | C4: 8 | D4: Item Creation Token | E4: ORDER_3 | F4: 8
A5: =TEXT('Order Data'!A5/86400,"hh:mm:ss") -> 00:02:09 | B5: =TEXT('Order Data'!A6/86400,"hh:mm:ss") -> 00:02:26 | C5: 7 | D5: Item Creation Token | E5: ORDER_4 | F5: 7
A6: =TEXT('Order Data'!A6/86400,"hh:mm:ss") -> 00:02:26 | B6: =TEXT('Order Data'!A7/86400,"hh:mm:ss") -> 00:03:02 | C6: 6 | D6: Item Creation Token | E6: ORDER_5 | F6: 6
A7: =TEXT('Order Data'!A7/86400,"hh:mm:ss") -> 00:03:02 | B7: =TEXT('Order Data'!A8/86400,"hh:mm:ss") -> 00:03:45 | C7: 4 | D7: Item Creation Token | E7: ORDER_6 | F7: 4
A8: =TEXT('Order Data'!A8/86400,"hh:mm:ss") -> 00:03:45 | B8: =TEXT('Order Data'!A9/86400,"hh:mm:ss") -> 00:03:49 | C8: 5 | D8: Item Creation Token | E8: ORDER_7 | F8: 5
A9: =TEXT('Order Data'!A9/86400,"hh:mm:ss") -> 00:03:49 | B9: =TEXT('Order Data'!A10/86400,"hh:mm:ss") -> 00:03:51 | C9: 7 | D9: Item Creation Token | E9: ORDER_8 | F9: 7
A10: =TEXT('Order Data'!A10/86400,"hh:mm:ss") -> 00:03:51 | B10: =TEXT('Order Data'!A11/86400,"hh:mm:ss") -> 00:04:50 | C10: 1 | D10: Item Creation Token | E10: ORDER_9 | F10: 1
A11: =TEXT('Order Data'!A11/86400,"hh:mm:ss") -> 00:04:50 | B11: =TEXT('Order Data'!A12/86400,"hh:mm:ss") -> 00:05:08 | C11: 7 | D11: Item Creation Token | E11: ORDER_10 | F11: 7
A12: =TEXT('Order Data'!A12/86400,"hh:mm:ss") -> 00:05:08 | B12: =TEXT('Order Data'!A13/86400,"hh:mm:ss") -> 00:05:09 | C12: 13 | D12: Item Creation Token | E12: ORDER_11 | F12: 13
A13: =TEXT('Order Data'!A13/86400,"hh:mm:ss") -> 00:05:09 | B13: =TEXT('Order Data'!A14/86400,"hh:mm:ss") -> 00:05:29 | C13: 10 | D13: Item Creation Token | E13: ORDER_12 | F13: 10
... A200: =TEXT('Order Data'!A200/86400,"hh:mm:ss") -> 01:31:26 | B200: =TEXT('Order Data'!A201/86400,"hh:mm:ss") -> 01:32:25 | C200: 3 | D200: Item Creation Token | E200: ORDER_199 | F200: 3
A201: =TEXT('Order Data'!A201/86400,"hh:mm:ss") -> 01:32:25 | B201: 01:35:00 | C201: 9 | D201: Item Creation Token | E201: ORDER_200 | F201: 9
